年,期,国内総生産(支出側),民間最終消費支出,家計最終消費支出,除く持ち家の帰属家賃,民間住宅,民間企業設備,民間在庫変動,政府最終消費支出,公的固定資本形成,公的在庫変動,財貨・サービス_純輸出,財貨・サービス_輸出,財貨・サービス_輸入,開差,交易利得,国内総所得,海外からの所得_純受取,海外からの所得_受取,海外からの所得_支払,国民総所得,国内需要,民間需要,公的需要,総固定資本形成,最終需要
"1994",1-3,"446,305.8","247,535.5","243,652.9","208,606.6","29,812.0","66,259.2","4,229.0","71,357.3","47,098.0",-542.3,"-7,720.2","37,756.0","45,476.1","-11,722.7","19,378.6","465,684.4","4,151.9","14,556.9","10,405.0","469,836.3","462,343.0","346,475.0","115,941.7","139,766.4","442,252.2"
"1994",4-6,"443,741.1","248,757.5","244,818.3","209,570.1","31,118.5","66,065.0","-2,884.5","72,243.7","48,011.9",622.8,"-8,364.3","37,963.8","46,328.1","-11,829.5","18,742.5","462,483.6","3,833.9","14,507.9","10,673.9","466,317.5","460,004.2","341,604.2","118,659.5","141,499.7","445,537.0"
"1994",7-9,"448,941.7","250,618.0","246,656.8","211,191.9","33,628.1","65,999.2",-280.5 ,"72,789.0","46,294.3",806.2,"-9,067.4","38,658.3","47,725.7","-11,845.1","18,142.9","467,084.6","3,830.0","14,757.3","10,927.2","470,914.6","465,724.0","348,123.6","117,728.3","142,080.7","448,137.7"
"1994",10-12,"447,166.0","250,779.4","246,773.4","211,131.3","32,218.2","67,028.9","-1,601.9","72,949.9","45,580.5",853.3,"-9,379.0","38,820.5","48,199.5","-11,263.3","18,529.8","465,695.9","3,870.9","15,284.3","11,413.4","469,566.8","464,005.1","346,878.6","117,252.3","141,344.4","447,576.3"
"1995",1-3,"452,111.3","252,929.3","248,856.3","213,012.0","31,121.5","68,647.7","2,253.7","74,470.4","43,633.6",-27.7,"-10,500.2","39,311.6","49,811.9","-10,417.0","18,955.3","471,066.5","3,987.4","15,636.7","11,649.3","475,053.9","469,828.2","353,607.8","116,207.3","140,426.2","449,533.3"
"1995",4-6,"456,273.3","254,883.3","250,727.6","214,693.2","30,381.5","71,088.0","1,116.7","74,611.2","45,414.1",199.2,"-11,408.7","39,897.6","51,306.3","-10,012.0","19,769.8","476,043.1","3,213.5","14,835.6","11,622.1","479,256.6","474,634.3","356,441.9","118,225.5","144,020.0","454,595.2"
"1995",7-9,"461,705.6","256,355.4","252,125.9","215,910.6","29,741.6","72,334.5","2,105.5","75,543.0","48,917.2",173.1,"-13,893.9","40,273.6","54,167.6","-9,570.6","20,655.0","482,360.6","4,591.1","18,565.6","13,974.5","486,951.6","481,965.2","359,669.7","122,463.0","147,930.6","459,107.5"
"1995",10-12,"462,856.4","258,170.5","253,904.1","217,488.9","30,431.2","73,525.1","1,032.7","75,789.0","49,125.2",235.2,"-16,596.9","40,157.9","56,754.8","-8,855.6","21,317.3","484,173.7","4,902.2","19,219.4","14,317.2","489,075.9","485,111.5","362,306.1","122,953.3","150,008.8","461,222.7"
"1996",1-3,"466,624.0","257,416.5","253,142.9","216,549.3","31,805.6","73,285.0","1,643.0","76,459.0","51,638.1",596.8,"-17,004.5","40,800.5","57,805.0","-9,215.5","20,784.2","487,408.1","5,644.2","11,846.8","6,202.7","493,052.3","489,117.1","363,095.4","126,278.8","153,188.6","464,149.9"
"1996",4-6,"472,490.5","260,509.4","256,231.4","219,409.8","33,278.5","75,804.0","2,978.7","76,391.6","50,910.8",190.8,"-18,807.9","40,751.7","59,559.6","-8,765.5","19,949.9","492,440.4","6,329.1","12,058.0","5,728.9","498,769.6","496,565.4","371,480.6","125,196.8","156,552.1","469,053.1"
"1996",7-9,"473,139.9","260,785.7","256,479.0","219,443.9","34,510.5","76,855.0","1,475.3","76,724.8","48,644.5",226.9,"-17,524.1","41,971.5","59,495.6","-8,558.7","18,951.3","492,091.1","5,947.8","11,461.9","5,514.1","498,038.9","495,895.1","372,503.4","123,426.0","156,742.9","471,084.2"
"1996",10-12,"478,463.2","263,404.1","259,099.8","221,833.3","35,106.6","76,900.7","2,464.6","77,853.5","47,466.9",259.0,"-16,496.5","43,759.1","60,255.5","-8,495.8","18,453.6","496,916.7","6,158.5","11,652.6","5,494.1","503,075.2","500,124.8","376,629.5","123,484.8","156,263.7","475,451.4"
"1997",1-3,"479,681.6","267,264.5","262,989.2","225,504.5","34,090.3","77,660.5",-355.8 ,"77,863.3","46,626.6",139.4,"-15,675.8","45,099.2","60,774.9","-7,931.5","17,905.7","497,587.2","6,720.1","12,411.5","5,691.4","504,307.3","500,307.0","377,645.0","122,618.3","155,435.6","479,384.2"
"1997",4-6,"476,013.9","260,235.2","256,040.9","218,417.4","30,911.7","77,803.8","2,476.8","78,052.8","46,666.3",79.0,"-12,734.8","47,011.5","59,746.3","-7,477.0","18,272.9","494,286.8","6,815.3","12,386.2","5,570.9","501,102.1","493,549.6","370,786.9","122,803.4","152,820.0","473,132.3"
"1997",7-9,"477,000.1","260,612.1","256,487.9","218,697.7","29,063.5","78,230.0","4,545.5","77,975.5","47,109.7",164.4,"-13,216.9","46,382.7","59,599.6","-7,483.7","18,322.3","495,322.5","5,858.1","11,577.4","5,719.2","501,180.6","495,156.8","371,986.2","123,213.6","152,037.4","472,130.6"
"1997",10-12,"477,201.3","260,114.3","255,895.5","217,945.9","27,891.6","79,911.8","3,757.9","78,392.3","44,807.6",457.1,"-10,849.8","47,395.6","58,245.4","-7,281.5","19,005.6","496,206.9","7,013.6","13,217.9","6,204.3","503,220.5","493,210.8","371,485.7","121,723.7","150,733.8","472,846.0"
"1998",1-3,"471,367.0","259,749.3","255,279.2","217,163.6","27,185.8","78,679.2","3,511.3","78,280.2","42,227.9",242.4,"-11,533.9","46,178.3","57,712.2","-6,975.1","19,766.0","491,133.0","6,658.0","12,501.4","5,843.3","497,791.0","488,008.1","368,927.7","119,015.9","146,434.5","467,413.2"
"1998",4-6,"469,284.2","259,503.0","254,749.2","216,474.7","26,659.2","77,937.9","1,599.7","78,886.6","41,855.1",172.5,"-9,906.1","45,261.9","55,167.9","-7,423.7","19,528.3","488,812.5","5,653.9","11,753.7","6,099.9","494,466.4","484,827.9","365,583.4","119,221.5","144,820.5","467,150.4"
"1998",7-9,"470,140.8","261,363.5","256,397.8","217,939.5","26,054.0","77,402.5",-403.9 ,"79,314.0","43,795.8",-81.8,"-9,827.1","45,432.2","55,259.3","-7,476.2","19,072.0","489,212.8","6,308.0","11,783.3","5,475.4","495,520.8","485,606.6","364,402.6","121,261.3","145,451.6","470,045.2"
"1998",10-12,"473,937.0","260,989.8","255,879.1","217,253.8","25,483.3","75,354.6","2,429.0","79,869.8","48,298.6",-601.5,"-9,332.1","44,607.6","53,939.7","-8,554.6","19,523.1","493,460.1","5,785.1","10,084.7","4,299.7","499,245.2","489,477.7","364,070.6","125,612.5","146,819.8","471,615.1"
"1999",1-3,"467,406.1","261,987.6","256,802.0","217,950.0","25,239.8","73,232.5","-3,512.9","80,735.8","48,482.5",-88.0,"-10,892.7","44,707.7","55,600.4","-7,778.5","20,445.1","487,851.2","5,179.6","9,883.3","4,703.8","493,030.8","483,798.4","357,081.1","127,059.5","144,500.8","470,056.8"
"1999",4-6,"469,172.8","262,249.9","256,902.4","217,801.7","26,877.7","73,817.0","-3,777.3","81,532.1","47,686.9",-7.6,"-11,523.9","45,110.7","56,634.6","-7,681.9","19,924.3","489,097.2","6,257.5","10,178.6","3,921.1","495,354.7","486,015.5","359,149.8","127,192.1","145,867.0","471,998.1"
"1999",7-9,"471,673.2","264,067.2","258,536.0","219,184.1","27,140.0","73,391.8","-3,443.1","82,477.9","46,225.1",-9.8,"-11,020.7","47,048.7","58,069.4","-7,155.3","18,980.4","490,653.5","6,305.0","9,924.0","3,619.0","496,958.6","487,565.9","361,062.6","126,794.6","144,328.7","474,195.7"
"1999",10-12,"471,844.7","264,799.4","259,296.4","219,703.8","26,009.4","74,183.8","-3,570.0","82,803.9","46,010.2",-387.8,"-11,687.6","48,122.6","59,810.2","-6,316.7","20,093.3","491,937.9","6,653.1","10,160.4","3,507.3","498,591.0","487,876.5","361,520.5","126,634.3","143,977.5","474,749.4"
"2000",1-3,"479,860.2","266,289.8","261,038.5","221,199.0","26,274.5","76,969.7","-1,610.0","83,856.9","43,483.7",179.8,"-9,119.7","50,708.2","59,827.9","-6,464.6","18,311.9","498,172.1","6,374.5","10,550.4","4,175.9","504,546.7","493,603.4","367,934.4","125,822.8","144,916.0","480,611.4"
"2000",4-6,"482,128.2","265,904.3","260,988.8","220,907.3","26,955.1","75,878.9","1,321.9","84,866.9","43,187.0",40.0,"-9,888.2","52,332.4","62,220.5","-6,137.6","19,087.5","501,215.8","7,709.8","11,332.8","3,623.0","508,925.6","495,996.9","369,689.7","126,461.4","144,090.5","480,394.9"
"2000",7-9,"482,251.9","266,396.6","261,722.3","221,391.2","26,428.3","78,476.9","-1,031.7","85,491.1","42,386.5",-47.8,"-10,674.3","53,198.9","63,873.1","-5,173.8","18,700.9","500,952.8","7,634.7","11,384.1","3,749.4","508,587.4","496,407.7","370,267.0","126,281.0","145,670.7","482,664.2"
"2000",10-12,"486,939.2","269,681.4","265,041.2","224,447.1","26,973.2","80,839.1",268.1 ,"86,040.2","41,063.5",-73.5,"-13,229.4","52,968.1","66,197.4","-4,623.4","19,354.0","506,293.2","7,669.0","11,816.2","4,147.2","513,962.2","503,243.6","377,672.0","125,588.8","147,484.2","486,220.7"
"2001",1-3,"490,552.1","271,292.2","266,480.2","225,642.4","26,979.7","81,265.8","2,148.9","86,182.1","43,062.3",17.8,"-15,263.0","51,054.2","66,317.3","-5,133.8","19,228.9","509,781.0","7,959.0","12,179.6","4,220.6","517,740.0","509,052.9","381,445.4","127,662.5","149,746.4","488,095.3"
"2001",4-6,"486,870.8","273,500.5","268,475.7","227,405.5","25,460.8","79,098.7","2,335.4","86,935.1","40,506.3",-213.9,"-15,718.3","49,153.7","64,872.0","-5,033.8","17,985.8","504,856.7","7,751.9","11,771.6","4,019.7","512,608.6","506,086.4","380,242.2","125,851.0","143,754.5","484,441.5"
"2001",7-9,"481,567.3","273,341.3","268,191.1","226,888.3","25,326.4","77,644.0","-2,165.2","87,082.5","40,509.9",-243.2,"-14,883.1","48,073.0","62,956.0","-5,045.4","17,671.1","499,238.5","7,658.7","11,471.2","3,812.5","506,897.1","500,249.7","374,348.8","125,981.2","142,088.0","483,145.4"
"2001",10-12,"479,926.5","272,912.3","267,741.0","226,212.6","25,453.3","74,594.7","-1,116.1","88,175.0","39,545.4",-24.6,"-13,942.3","47,151.4","61,093.7","-5,671.2","18,826.1","498,752.6","8,154.1","11,499.4","3,345.3","506,906.7","498,110.7","371,833.6","126,396.2","138,086.2","480,399.2"
"2002",1-3,"480,733.2","274,484.7","269,402.7","227,638.7","25,207.3","73,956.7","-3,495.8","88,206.3","40,031.5",-81.5,"-12,308.8","49,303.0","61,611.8","-5,267.2","18,741.8","499,475.1","7,964.2","11,006.4","3,042.2","507,439.3","497,088.5","370,383.7","126,833.9","137,635.4","483,336.3"
"2002",4-6,"484,628.7","276,746.8","271,817.5","229,828.5","25,277.6","72,927.1","-2,443.7","88,525.4","38,945.3",-24.4,"-10,534.5","52,916.3","63,450.8","-4,790.7","18,720.3","503,349.1","7,189.3","10,397.3","3,208.0","510,538.4","498,761.2","372,624.8","126,228.0","135,623.9","486,255.2"
"2002",7-9,"486,153.0","276,964.0","272,137.9","229,937.2","25,217.7","74,123.9","-1,522.9","89,209.5","38,796.6",-65.6,"-12,266.6","53,285.2","65,551.8","-4,303.6","18,815.0","504,968.0","7,359.7","10,714.3","3,354.6","512,327.8","501,544.9","374,865.3","126,764.2","136,703.3","487,002.2"
"2002",10-12,"487,507.4","276,312.4","271,456.4","229,041.4","24,894.5","74,180.2",490.3 ,"89,070.5","38,216.5",-171.5,"-11,393.2","55,126.5","66,519.8","-4,092.1","19,157.8","506,665.2","7,019.3","10,285.0","3,265.7","513,684.5","501,762.8","375,819.8","126,004.9","135,941.8","486,674.5"
"2003",1-3,"487,807.7","277,460.4","272,445.5","229,803.9","24,752.8","74,469.2",-471.6 ,"89,547.3","36,975.5",-72.2,"-11,134.3","55,865.7","67,000.0","-3,719.5","17,509.1","505,316.7","7,622.6","10,721.8","3,099.3","512,939.3","501,668.5","376,262.9","125,463.7","134,983.0","487,737.2"
"2003",4-6,"491,160.8","276,967.6","271,759.3","228,894.8","24,890.7","75,611.8",-651.9 ,"90,342.5","37,121.9",74.6,"-8,772.1","55,995.0","64,767.0","-4,424.2","18,133.8","509,294.6","7,824.6","10,715.1","2,890.5","517,119.2","503,355.8","376,889.5","126,542.3","136,445.9","491,126.9"
"2003",7-9,"492,610.6","276,843.6","271,497.1","228,369.2","25,391.5","74,433.4","1,815.7","90,678.7","36,093.5",-98.3,"-8,352.7","57,994.5","66,347.1","-4,194.8","18,257.3","510,867.9","9,337.3","12,133.7","2,796.4","520,205.2","503,987.6","378,242.3","125,805.6","134,715.4","490,564.3"
"2003",10-12,"497,975.0","280,605.4","275,207.6","231,966.8","25,070.6","77,427.0",-705.5 ,"91,066.3","35,256.5",-393.6,"-6,899.8","60,959.0","67,858.8","-3,452.0","18,592.8","516,567.8","8,367.2","11,039.1","2,671.9","524,935.0","507,654.4","382,499.1","125,185.3","136,810.6","498,374.7"
"2004",1-3,"501,634.3","280,480.8","275,118.1","231,615.0","25,345.2","77,359.4","2,902.8","91,484.4","33,608.1",-341.2,"-5,972.2","63,966.0","69,938.2","-3,233.2","17,886.5","519,520.8","9,359.1","12,021.8","2,662.8","528,879.9","510,003.6","385,845.2","124,153.1","135,462.9","498,805.7"
"2004",4-6,"501,706.9","280,909.8","275,596.7","231,947.6","25,841.2","77,084.9","1,227.1","91,094.6","33,435.0",63.4,"-5,056.3","66,066.4","71,122.7","-2,892.8","16,884.7","518,591.7","10,036.1","12,895.0","2,859.0","528,627.7","508,864.4","384,905.8","123,953.7","135,466.9","500,016.5"
"2004",7-9,"504,776.1","283,005.3","277,707.9","233,907.2","25,917.8","78,066.1","2,130.5","91,479.5","32,801.8",54.6,"-6,049.9","66,636.8","72,686.7","-2,629.4","16,856.9","521,632.9","10,338.4","13,425.9","3,087.5","531,971.4","512,687.2","388,897.2","123,761.1","135,973.6","502,293.4"
"2004",10-12,"503,805.4","281,503.0","276,180.8","232,233.0","25,951.4","79,785.2","1,890.5","91,491.9","32,391.2",152.8,"-7,337.0","67,515.0","74,852.1","-2,023.6","17,350.9","521,156.3","10,790.4","14,034.5","3,244.1","531,946.7","512,450.9","388,930.2","123,487.1","137,419.5","501,451.3"
"2005",1-3,"506,398.5","283,187.9","277,815.9","233,759.7","25,561.5","81,795.3","1,172.6","92,380.0","31,690.2",188.0,"-7,506.8","66,836.6","74,343.4","-2,070.3","16,162.4","522,560.9","10,324.6","14,207.1","3,882.5","532,885.5","515,444.3","391,618.1","123,785.2","138,485.6","504,659.9"
"2005",4-6,"510,343.4","285,026.3","279,587.0","235,394.6","25,351.2","84,634.3","1,303.4","91,985.9","29,700.1",-19.2,"-5,979.2","69,715.6","75,694.8","-1,659.3","14,129.6","524,473.0","11,534.5","15,623.0","4,088.5","536,007.5","517,708.5","396,248.6","121,366.4","139,377.2","508,661.3"
"2005",7-9,"515,512.3","287,713.6","282,215.1","237,872.3","25,870.7","86,517.3",772.3 ,"91,822.6","30,165.1",17.7,"-5,967.9","71,896.3","77,864.2","-1,399.0","12,660.8","528,173.1","12,250.5","16,386.8","4,136.3","540,423.6","522,579.9","400,813.5","121,658.6","142,250.7","514,278.0"
"2005",10-12,"516,423.8","287,797.5","282,262.1","237,767.1","26,145.9","85,113.2",460.9 ,"92,235.8","29,550.2",-2.6,"-3,503.6","74,402.5","77,906.1","-1,373.6","11,504.9","527,928.7","13,164.1","17,826.3","4,662.2","541,092.8","521,039.2","399,441.9","121,496.1","140,472.0","515,494.8"
"2006",1-3,"517,240.0","288,804.5","283,260.1","238,653.4","25,895.8","84,756.6",-231.4 ,"91,970.2","30,332.0",32.5,"-3,143.8","76,111.0","79,254.8","-1,176.4","9,286.0","526,526.0","13,871.0","18,955.5","5,084.5","540,397.0","521,275.7","399,201.1","121,980.9","140,603.7","516,930.6"
"2006",4-6,"518,045.1","288,473.5","282,898.1","238,136.4","25,833.0","86,146.3",-83.8 ,"92,402.5","29,168.7",-24.6,"-2,978.6","77,395.3","80,373.9",-892.0 ,"9,250.9","527,296.0","13,751.2","19,205.6","5,454.3","541,047.2","521,731.3","400,348.5","121,283.2","140,885.6","517,660.5"
"2006",7-9,"516,981.3","286,235.8","280,617.4","235,687.4","25,888.2","86,302.0",758.9 ,"92,454.5","27,581.4",43.8,"-1,550.6","78,808.9","80,359.5",-732.7 ,"8,028.6","525,009.9","14,352.3","19,949.6","5,597.3","539,362.2","519,155.8","399,113.3","119,936.7","139,601.3","515,743.0"
"2006",10-12,"523,968.5","290,577.1","284,963.4","239,895.0","25,808.2","87,879.2",649.7 ,"92,401.4","28,008.4",-10.4,-475.7 ,"79,752.0","80,227.7",-869.3 ,"8,647.4","532,615.9","15,194.2","21,401.3","6,207.1","547,810.2","525,231.0","404,896.3","120,216.0","141,561.0","522,878.2"
"2007",1-3,"527,480.6","290,820.3","285,250.9","240,014.9","25,423.3","88,204.1","2,415.3","92,931.1","27,794.0",-108.7,731.6 ,"81,659.3","80,927.6",-730.4 ,"8,272.1","535,752.7","16,277.7","22,908.7","6,631.0","552,030.4","527,413.9","406,857.1","120,432.2","141,329.0","524,787.2"
"2007",4-6,"527,638.5","292,397.5","286,882.3","241,506.2","24,990.8","87,221.4","1,000.5","93,780.9","27,144.2",139.7,"1,330.3","83,653.1","82,322.8",-366.8 ,"7,784.7","535,423.1","16,981.7","23,159.2","6,177.5","552,404.8","526,761.4","405,665.8","120,978.0","139,286.2","526,022.1"
"2007",7-9,"524,723.5","289,539.9","284,060.2","238,555.1","22,953.7","86,152.1","1,663.2","93,633.2","26,754.7",46.5,"4,085.3","85,694.4","81,609.1",-105.1 ,"6,062.6","530,786.1","15,244.4","23,189.0","7,944.6","546,030.5","520,943.7","400,484.7","120,350.3","135,883.2","522,575.5"
"2007",10-12,"527,061.8","290,002.0","284,547.2","238,930.1","20,425.8","86,066.5","2,967.5","94,378.8","27,315.4",74.5,"5,656.1","88,182.3","82,526.3",175.4 ,"1,810.7","528,872.6","16,974.9","23,956.0","6,981.1","545,847.4","521,562.8","399,800.5","121,667.4","133,929.9","523,620.3"
"2008",1-3,"528,995.6","291,308.2","285,862.7","240,108.0","21,061.9","86,764.0","1,666.8","94,446.6","26,631.8",89.2,"6,733.0","90,373.2","83,640.2",294.1 ,-442.3 ,"528,553.2","16,438.6","22,477.4","6,038.8","544,991.8","522,285.4","401,076.1","121,105.8","134,583.9","526,836.5"
"2008",4-6,"525,851.7","287,975.8","282,568.4","236,646.6","21,924.8","85,371.0","4,360.6","93,189.2","25,693.8",-40.8,"7,190.1","88,630.4","81,440.3",187.2 ,"-2,783.4","523,068.2","12,951.8","18,843.6","5,891.8","536,020.0","518,750.4","399,851.3","118,778.3","133,076.2","521,153.7"
"2008",7-9,"519,215.6","287,114.3","281,748.9","235,657.1","22,471.1","84,000.9",-287.2 ,"93,178.0","25,614.5",-42.5,"6,927.5","88,661.7","81,734.2",239.1 ,"-6,823.1","512,392.5","13,715.8","19,168.1","5,452.4","526,108.3","512,236.0","393,444.6","118,689.9","132,117.6","519,131.8"
"2008",10-12,"506,536.8","282,695.1","277,293.5","231,008.0","22,258.4","81,265.1","7,080.8","93,596.0","25,558.3",52.0,"-5,560.4","77,473.0","83,033.4",-408.6 ,"1,405.7","507,942.4","12,328.4","17,482.4","5,153.9","520,270.9","512,786.7","393,512.2","119,178.1","129,061.6","498,951.1"
"2009",1-3,"482,230.2","281,377.3","275,878.1","229,412.3","20,328.5","76,333.1","-3,457.5","93,943.5","26,350.7",-92.3,"-11,935.2","57,714.4","69,649.7",-617.9 ,"7,165.4","489,395.6","11,655.7","16,104.4","4,448.7","501,051.3","494,715.2","374,582.0","120,107.2","122,952.2","485,696.3"
"2009",4-6,"491,567.7","283,834.2","278,241.9","231,648.6","18,338.9","73,967.0","-4,342.1","95,242.4","28,351.0",7.8,"-3,684.7","62,997.8","66,682.5",-146.8 ,"7,455.5","499,023.2","13,116.9","17,075.9","3,959.0","512,140.2","495,350.8","371,879.1","123,486.2","120,563.0","495,776.6"
"2009",7-9,"491,264.3","285,932.1","280,271.9","233,558.7","17,066.2","71,961.8","-6,348.4","96,216.4","27,874.7",4.6,"-1,258.5","69,058.6","70,317.1",-184.7 ,"5,516.2","496,780.4","12,533.4","16,397.5","3,864.1","509,313.8","492,669.3","368,698.6","123,998.5","116,829.8","497,536.9"
"2009",10-12,"497,479.8","287,734.7","282,011.3","235,167.1","16,549.1","71,283.5","-4,967.6","96,435.2","28,255.7",28.6,"2,290.5","74,004.9","71,714.3",-130.0 ,"3,953.7","501,433.6","12,512.9","16,106.8","3,593.9","513,946.5","495,345.6","370,754.3","124,615.9","116,006.4","502,288.4"
"2010",1-3,"502,760.1","288,872.3","283,090.3","236,103.8","17,455.1","71,739.4","-3,537.9","95,607.7","28,370.5",93.6,"4,628.1","78,394.5","73,766.3",-468.7 ,"3,455.5","506,215.6","13,546.9","17,515.9","3,968.9","519,762.6","498,555.6","374,615.8","123,951.1","117,459.6","506,134.9"
"2010",4-6,"508,699.2","290,918.8","285,110.7","237,991.6","17,579.9","72,562.0",-897.5 ,"97,360.4","26,908.1",-15.1,"4,641.7","82,214.3","77,572.6",-359.1 ,"3,193.3","511,892.5","13,213.7","17,505.1","4,291.4","525,106.2","504,406.0","380,203.4","124,203.8","116,996.4","509,628.2"
"2010",7-9,"517,844.3","295,314.7","289,482.7","242,255.2","17,768.7","73,433.1","2,306.3","97,760.8","26,617.4",-146.7,"5,295.0","84,436.5","79,141.5",-505.0 ,"2,586.9","520,431.2","13,997.3","18,117.2","4,119.8","534,428.5","513,023.9","388,818.4","124,191.7","117,782.0","515,791.0"
"2010",10-12,"513,728.7","290,345.5","284,405.9","236,940.1","18,347.4","73,334.4","2,568.4","98,271.3","26,050.1",-51.3,"5,327.1","84,769.3","79,442.2",-464.1 ,"1,017.0","514,745.7","14,277.5","18,615.8","4,338.3","529,023.2","508,833.5","384,566.7","124,261.3","117,695.0","511,306.1"
"2011",1-3,"508,355.4","285,639.2","279,514.0","231,906.9","18,978.1","75,032.1","1,029.1","98,799.5","25,606.0",-44.7,"3,545.0","84,022.5","80,477.4",-229.0 ,"-1,306.8","507,048.6","14,985.4","19,281.8","4,296.4","522,034.0","505,027.1","380,643.3","124,377.7","119,601.2","507,430.0"
"2011",4-6,"503,906.9","287,665.1","281,342.3","233,807.9","18,615.2","73,670.3",594.4 ,"99,271.8","26,335.6",-5.5,"-2,470.2","77,718.6","80,188.8",230.2 ,"-3,814.4","500,092.5","14,937.7","19,053.8","4,116.1","515,030.2","506,142.1","380,537.2","125,598.1","118,574.3","503,352.0"
"2011",7-9,"516,073.7","292,171.3","285,683.0","238,020.6","19,392.6","75,406.4","1,848.0","99,638.5","25,550.0",48.8,"2,067.1","84,960.0","82,892.8",-49.0 ,"-4,934.7","511,139.0","14,875.6","19,011.3","4,135.6","526,014.6","514,078.3","388,805.6","125,274.3","120,326.6","514,198.9"
"2011",10-12,"515,410.4","293,833.0","287,210.4","239,383.4","19,056.9","78,367.7",718.5 ,"99,963.3","24,704.1",-19.9,"-1,469.6","82,701.9","84,171.5",256.4 ,"-5,479.8","509,930.6","14,062.8","18,215.5","4,152.7","523,993.4","516,688.8","391,979.7","124,716.0","122,178.1","514,740.4"
"2012",1-3,"522,604.1","295,091.9","288,372.7","240,367.9","18,795.5","78,461.8","3,441.2","100,943.8","26,101.9",-1.5,-356.2 ,"85,269.0","85,625.2",125.8 ,"-5,793.7","516,810.4","14,003.4","18,236.9","4,233.6","530,813.8","522,930.4","395,861.5","127,072.3","123,381.9","519,117.2"
"2012",4-6,"517,847.5","295,639.9","288,792.0","240,607.0","19,264.3","78,307.9",334.0 ,"100,711.8","26,500.0",54.2,"-3,084.2","84,541.8","87,625.9",119.5 ,"-5,866.3","511,981.2","14,006.1","18,668.0","4,661.9","525,987.3","520,802.0","393,515.6","127,286.6","124,071.6","517,506.1"
"2012",7-9,"515,807.7","295,511.4","288,518.3","240,165.2","19,635.5","77,714.5","1,408.2","101,017.5","25,952.1",80.2,"-5,922.9","81,478.8","87,401.7",411.2 ,"-4,042.8","511,764.9","14,394.4","18,517.1","4,122.7","526,159.3","521,345.6","394,251.5","127,096.8","123,294.7","514,330.0"
"2012",10-12,"515,446.4","296,770.7","289,715.9","241,187.6","20,082.9","77,533.8",-252.4 ,"101,713.5","25,465.4",2.2,"-6,411.3","78,691.8","85,103.0",541.6 ,"-4,818.0","510,628.4","14,641.9","19,365.6","4,723.6","525,270.3","521,296.6","394,064.4","127,234.1","123,071.2","515,775.8"
"2013",1-3,"522,667.8","301,252.0","294,220.9","245,537.6","20,303.3","77,483.2",327.8 ,"101,507.2","25,836.2",-131.6,"-4,291.5","81,204.3","85,495.8",381.3 ,"-6,095.9","516,571.9","15,965.9","21,123.2","5,157.3","532,537.8","526,512.9","399,309.6","127,212.2","123,598.8","522,570.7"
"2013",4-6,"527,368.2","303,500.6","296,435.8","247,582.5","20,476.4","80,127.1","-2,388.4","102,869.0","26,811.7",41.8,"-4,358.8","83,960.7","88,319.5",288.8 ,"-5,533.0","521,835.2","19,818.6","25,781.2","5,962.6","541,653.9","531,379.2","401,633.6","129,746.7","127,401.4","529,816.0"
"2013",7-9,"532,344.9","305,101.9","297,968.6","248,921.9","21,278.9","81,270.6",-475.2 ,"102,880.3","28,264.2",-85.9,"-6,206.1","83,852.2","90,058.3",316.2 ,"-5,824.4","526,520.5","17,892.4","24,642.6","6,750.1","544,412.9","538,106.8","407,105.3","131,004.6","130,770.2","532,994.4"
"2013",10-12,"531,689.8","304,573.1","297,513.1","248,344.7","22,031.7","81,862.8",59.4 ,"103,109.4","28,751.2",79.1,"-9,180.1","83,533.1","92,713.2",403.2 ,"-7,202.2","524,487.5","18,107.9","24,464.3","6,356.4","542,595.4","540,369.6","408,449.2","131,921.4","132,585.9","531,573.3"
"2014",1-3,"536,173.6","310,658.8","303,821.3","254,660.9","22,344.8","83,972.9","-2,351.6","103,412.6","28,091.8",72.3,"-9,864.3","88,641.1","98,505.4",-163.6 ,"-8,807.2","527,366.5","18,017.9","25,351.8","7,333.8","545,384.4","546,048.0","414,472.6","131,583.9","134,377.3","538,590.5"
"2014",4-6,"526,422.5","295,350.1","288,846.4","239,539.0","20,443.7","82,282.3","2,512.8","103,089.9","27,123.3",93.3,"-4,595.0","89,835.5","94,430.5",122.0 ,"-7,348.2","519,074.2","17,980.3","25,581.9","7,601.5","537,054.6","531,013.6","400,661.7","130,350.4","129,846.2","523,686.2"
"2014",7-9,"526,789.2","297,910.2","291,677.0","242,382.4","19,410.1","82,776.3",-100.2 ,"103,766.9","27,871.9",138.9,"-4,879.3","91,201.0","96,080.3",-105.5 ,"-7,464.9","519,324.3","19,832.9","27,610.5","7,777.6","539,157.2","531,832.1","399,992.9","131,832.7","130,061.7","526,727.2"
"2014",10-12,"529,238.8","298,455.5","292,218.4","242,906.4","19,451.3","83,409.3","-1,354.2","104,019.4","28,044.7",5.8,"-2,560.4","93,899.9","96,460.3",-232.6 ,"-6,348.2","522,890.6","22,407.9","30,766.8","8,358.9","545,298.5","531,990.3","399,912.7","132,070.9","130,907.6","530,679.7"
"2015",1-3,"537,564.6","300,013.9","293,507.1","244,169.7","19,968.4","87,607.2",21.6 ,"104,997.9","26,723.4",87.1,"-1,792.2","95,307.8","97,100.0",-62.8 ,"-1,838.1","535,726.5","20,212.5","28,585.5","8,373.0","555,939.0","539,437.0","407,587.2","131,848.8","134,303.6","537,457.8"
"2015",4-6,"538,307.8","300,260.6","293,464.3","244,105.7","20,356.2","86,414.2","2,477.3","105,133.3","26,506.1",-74.4,"-2,933.3","92,084.3","95,017.6",167.8 ,-342.3 ,"537,965.5","21,486.1","29,980.5","8,494.4","559,451.5","541,101.7","409,549.6","131,553.4","133,276.5","535,857.7"
"2015",7-9,"538,699.1","301,086.2","294,107.5","244,736.3","20,457.6","87,596.7",974.1 ,"105,624.7","26,498.4",-104.2,"-3,350.1","94,431.4","97,781.5",-84.5 ,733.3 ,"539,432.3","21,110.2","30,234.9","9,124.8","560,542.5","542,106.2","410,107.6","132,000.1","134,551.8","537,857.3"
"2015",10-12,"537,806.5","299,074.4","291,963.3","242,565.7","20,436.8","87,438.6","1,021.8","106,485.9","27,185.6",-74.5,"-3,741.7","93,466.4","97,208.0",-20.5 ,"1,510.3","539,316.8","22,051.2","31,443.6","9,392.5","561,367.9","541,550.2","407,961.3","133,587.2","135,057.5","536,876.2"
"2016",1-3,"541,920.0","299,348.6","292,157.4","242,731.3","20,433.8","86,925.7","1,200.3","107,755.5","27,956.6",11.8,"-1,704.9","94,163.5","95,868.3",-7.4 ,"5,598.9","547,518.9","20,276.6","29,470.7","9,194.1","567,795.5","543,613.9","407,895.0","135,718.0","135,314.3","540,728.3"
"2016",4-6,"541,177.0","297,515.5","290,210.9","240,762.8","21,024.0","87,111.2","2,917.6","106,852.1","27,138.2",-197.6,"-1,184.7","93,552.7","94,737.4",0.7 ,"5,803.7","546,980.7","19,133.5","28,879.0","9,745.6","566,114.2","542,350.0","408,559.0","133,790.9","135,273.0","538,470.5"
"2016",7-9,"541,988.4","298,608.2","291,174.5","241,708.1","21,381.7","87,450.1",149.3 ,"107,225.8","27,186.9",-271.9,254.6 ,"95,551.6","95,297.0",3.7 ,"5,558.1","547,546.6","18,383.5","28,445.0","10,061.4","565,930.1","541,733.8","407,591.2","134,142.9","136,019.4","542,107.7"
"2016",10-12,"542,740.2","299,238.7","291,747.3","242,257.8","21,496.9","88,104.5","-1,428.2","107,190.9","27,214.7",-339.7,"1,260.7","97,856.9","96,596.1",1.6 ,"4,004.0","546,744.2","18,538.7","28,592.1","10,053.4","565,282.9","541,503.6","407,432.5","134,071.5","136,817.6","544,477.7"
"2017",1-3,"547,369.5","301,183.0","293,721.6","244,203.3","21,287.1","88,430.9",-504.0 ,"107,482.6","27,481.3",-287.1,"2,423.4","100,039.3","97,615.9",-127.7 ,"1,479.4","548,848.9","20,996.6","31,436.1","10,439.5","569,845.5","545,089.6","410,411.0","134,679.3","137,200.2","548,140.6"
"2017",4-6,"549,649.6","302,687.9","295,208.2","245,665.0","21,504.7","89,196.3",47.3 ,"107,052.0","27,781.5",91.5,"1,360.8","100,058.8","98,697.9",-72.5 ,"1,599.3","551,248.9","19,763.7","30,394.2","10,630.5","571,012.6","548,339.8","413,450.7","134,890.7","138,483.3","549,524.1"
"2017",7-9,"553,661.2","301,507.2","293,961.6","244,397.2","21,326.9","89,896.5","2,346.7","107,437.7","27,192.9",82.6,"4,323.0","102,358.4","98,035.4",-452.4 ,"2,628.5","556,289.7","21,064.3","31,437.1","10,372.8","577,354.0","549,706.2","415,021.0","134,687.6","138,414.7","551,319.8"
"2017",10-12,"554,044.2","302,182.5","294,717.1","245,130.3","20,696.6","90,424.1","3,197.8","107,345.3","27,286.8",86.9,"3,056.7","103,936.9","100,880.2",-232.5 ,539.8 ,"554,584.0","20,408.0","31,411.9","11,003.9","574,991.9","551,120.3","416,426.3","134,696.8","138,401.3","550,862.9"
"2018",1-3,"555,234.4","302,634.8","295,405.1","245,794.6","20,168.6","91,385.9","1,479.8","108,151.3","27,571.8",67.3,"4,011.6","105,329.9","101,318.4",-236.5 ,-498.0 ,"554,736.4","20,016.4","31,936.3","11,919.9","574,752.8","551,384.4","415,613.6","135,772.3","139,109.4","553,749.4"
"2018",4-6,"557,600.6","302,909.7","296,025.6","246,391.7","19,562.4","92,809.1","1,767.6","108,272.4","27,907.9",-46.6,"4,708.5","106,351.5","101,643.0",-290.4 ,"-2,189.3","555,411.3","21,675.2","33,460.5","11,785.3","577,086.5","553,097.8","416,986.0","136,113.4","140,249.7","555,938.0"
"2018",7-9,"553,556.3","302,673.8","296,074.6","246,419.2","19,634.7","90,029.6","2,048.5","108,330.6","27,637.2",-17.0,"3,472.4","104,574.7","101,102.3",-253.4 ,"-3,952.4","549,603.9","21,191.4","33,146.9","11,955.4","570,795.3","550,266.3","414,336.0","135,931.2","137,280.8","551,575.3"
"2018",10-12,"552,167.6","301,685.2","295,093.2","245,417.9","19,948.4","91,906.9","3,258.9","108,894.1","27,272.2",-55.6,-674.2 ,"105,452.2","106,126.4",-68.2 ,"-4,306.3","547,861.3","21,957.1","34,233.7","12,276.5","569,818.5","552,819.6","416,736.6","136,084.5","139,098.9","549,028.6"
"2019",1-3,"555,158.9","302,720.4","295,858.9","246,156.2","20,473.5","91,955.7","1,548.0","109,240.1","27,911.4",-160.8,"1,584.1","103,579.9","101,995.9",-113.5 ,"-1,516.2","553,642.7","21,646.2","33,612.1","11,966.0","575,288.8","553,601.4","416,653.7","136,949.4","140,325.7","553,856.3"
"2019",4-6,"557,732.0","302,700.9","295,662.0","245,939.3","20,760.6","91,569.8","3,295.6","110,340.1","28,321.8",-29.2,903.4 ,"104,264.0","103,360.6",-130.9 ,"-2,931.6","554,800.4","22,080.9","34,369.9","12,289.0","576,881.2","556,895.0","418,283.5","138,613.2","140,649.3","554,525.2"
"2019",7-9,"557,026.8","304,676.0","297,568.2","247,816.4","20,911.4","93,329.8",144.5 ,"111,178.9","28,089.4",-41.8,"-1,139.4","104,446.4","105,585.8",-122.0 ,"-2,546.2","554,480.7","21,706.0","34,534.5","12,828.5","576,186.7","558,221.5","419,028.3","139,194.7","142,317.1","556,990.1"
"2019",10-12,"540,743.9","293,554.5","286,148.6","236,440.7","20,471.5","86,611.0","1,270.9","111,208.1","28,075.3",4.5,-305.6 ,"103,332.1","103,637.7",-146.3 ,"-1,050.2","539,693.8","21,022.0","33,359.4","12,337.4","560,715.8","541,146.5","401,886.5","139,261.5","135,186.9","539,527.2"
"2020",1-3,"543,793.2","296,314.0","288,381.4","238,643.7","19,456.6","89,423.5",376.8 ,"111,222.8","28,048.7",21.0,"-1,097.1","98,402.2","99,499.3",26.9 ,-729.6 ,"543,063.6","21,537.0","33,066.7","11,529.6","564,600.6","544,793.8","405,529.2","139,265.7","136,912.6","543,439.0"
"2020",4-6,"500,626.7","270,216.7","261,632.3","212,064.1","19,511.1","82,735.7","2,946.1","111,746.3","29,465.1",-29.6,"-17,079.7","81,465.8","98,545.5","1,115.1","4,463.0","505,089.7","17,794.9","28,143.0","10,348.1","522,884.6","516,534.1","375,359.9","141,177.9","131,789.2","497,806.9"
"2020",7-9,"527,320.3","284,795.2","275,646.0","225,964.3","18,580.1","82,306.2",123.8 ,"114,171.0","29,298.4",42.9,"-2,235.7","89,184.2","91,419.9",238.4 ,"3,660.6","530,980.9","17,868.0","28,144.6","10,276.5","548,848.9","529,287.2","385,788.6","143,503.2","130,246.3","527,174.2"
"2020",10-12,"536,091.4","289,297.6","279,897.9","230,166.2","18,512.3","83,411.9",-459.4 ,"115,030.7","29,676.7",-122.2,861.5 ,"97,911.0","97,049.6",-117.7 ,"5,266.9","541,358.3","19,932.8","29,146.5","9,213.7","561,291.0","535,315.4","390,760.9","144,560.7","131,657.5","536,688.9"
"2021",1-3,"534,340.0","287,508.5","278,175.5","228,435.2","18,644.7","84,148.6",-956.7 ,"114,112.5","29,660.9",-28.5,"1,387.8","100,297.9","98,910.2",-137.8 ,948.4 ,"535,288.5","22,137.8","32,567.0","10,429.2","557,426.2","533,110.1","389,386.7","143,730.8","132,504.3","535,290.8"
"2021",4-6,"536,964.5","288,814.1","279,542.7","229,769.1","18,935.2","85,060.3",-420.3 ,"115,087.7","28,949.6",-18.9,611.2 ,"103,702.5","103,091.4",-54.4 ,"-2,425.0","534,539.5","27,871.9","38,971.5","11,099.6","562,411.4","536,387.1","392,416.6","143,976.7","132,975.3","537,381.7"
"2021",7-9,"533,521.7","285,941.2","276,610.3","226,841.7","18,593.0","83,099.1",558.7 ,"116,421.3","27,902.5",-31.9,"1,321.8","103,045.5","101,723.7",-283.9 ,"-6,104.6","527,417.1","26,315.1","37,586.1","11,271.0","553,732.2","532,369.0","388,175.4","144,207.2","129,618.4","533,017.1"
"2021",10-12,"538,863.8","292,980.1","283,597.9","233,751.7","18,338.6","83,370.3",319.0 ,"116,025.4","26,871.9",9.8,"1,274.7","103,700.5","102,425.8",-325.8 ,"-8,329.2","530,534.6","29,637.5","41,523.2","11,885.7","560,172.1","537,785.4","394,996.0","142,789.9","128,569.6","538,539.0"
"2022",1-3,"539,164.8","293,894.3","284,479.6","234,605.3","18,097.3","83,265.7","2,997.3","116,496.0","26,063.3",-31.1,"-1,219.0","104,876.0","106,095.1",-398.9 ,"-10,817.3","528,347.5","31,485.7","43,848.6","12,362.9","559,833.2","540,615.0","398,262.3","142,355.2","127,383.2","536,145.5"
"2022",4-6,"545,292.3","297,548.7","288,117.0","238,195.0","17,751.9","85,254.1","1,759.5","117,462.5","26,334.4",-70.8,-242.0 ,"106,722.1","106,964.1",-506.0 ,"-16,135.9","529,156.4","32,115.3","45,370.4","13,255.0","561,271.8","545,797.7","402,254.7","143,545.8","129,242.1","543,590.6"
"2022",7-9,"550,893.0","297,377.4","289,736.5","239,772.8","18,266.9","91,950.6","2,767.5","118,946.1","25,704.6",-164.9,"-3,152.5","109,681.9","112,834.3",-802.7,"-19,742.7","531,150.3","33,145.9","47,599.6","14,453.7","564,296.2","554,373.1","410,139.4","144,205.0","135,720.8",548447.1
"2022",10-12,"552,903.0","297,802.0","290,198.4","240,209.2","18,350.7","90,890.8","2,305.2","119,674.6","25,815.7",164.6,"-1,260.5","110,493.2","111,753.6",-840.2,"-17,109.3","535,793.7","37,167.0","53,292.4","16,125.4","572,960.7","554,583.7","409,104.5","145,461.3","134,883.6",550532.3
"2023",1-3,"559,270.9","299,951.3","292,339.4","242,291.8","18,499.1","93,136.4","4,031.5","119,795.9","26,385.7",71.3,"-2,300.9","107,813.8","110,114.7",-299.4,"-14,269.4","545,001.5","29,880.6","48,363.9","18,483.3","574,882.1","561,650.9","415,542.1","146,063.1","137,814.8",555082.4
"2023",4-6,"564,406.4","297,880.9","290,270.7","240,236.4","18,799.8","91,152.7","3,764.9","119,266.8","27,027.0",-38.1,"5,679.1","111,858.8","106,179.7",873.4,"-11,362.1","553,044.3","32,865.6","51,974.1","19,108.5","585,909.9","557,611.1","411,518.8","146,073.2","136,862.7",560727
"2023",7-9,"558,676.3","296,987.3","289,394.8","239,358.9","18,626.3","91,040.0","1,000.4","119,481.3","26,453.6",-37.4,"5,073.6","112,218.9","107,145.3",51.2,"-9,611.5","549,064.8","31,920.1","52,552.1","20,632.0","580,984.9","552,917.8","407,245.0","145,674.5","135,977.4",558195.3
"2023",10-12,"558,760.9","295,921.0","288,326.4","238,291.1","18,350.6","92,878.4","536.2","119,347.0","25,809.1",-33.7,"6,276.5","115,330.1","109,053.5",-324.4,"-9,290.5","549,470.4","32,223.4","53,261.4","21,038.0","581,693.8","552,076.3","407,207.3","144,857.1","136,810.4",558814.8
"2024",1-3,"554,727.9","293,729.3","286,111.8","236,109.2","17,827.2","92,509.8","1,860.0","119,531.7","25,321.7",17.4,"4,006.1","109,415.6","105,409.5",-75.1,"-9,056.1","545,671.8","31,280.7","53,457.2","22,176.4","576,952.6","550,135.5","405,552.1","144,579.3","135,397.3",553200.2